Event,Owner,File,Line,Click,Voice,HandsReq,VoiceReq,EyesReq
hard_landing,CommentOnLanding,behaviors\NFO\landing\CommentOnLanding.lua,40,FALSE,FALSE,FALSE,FALSE,FALSE
repeated_hard_landing,CommentOnLanding,behaviors\NFO\landing\CommentOnLanding.lua,41,FALSE,FALSE,FALSE,FALSE,FALSE
msfsnav_wpt_updated,MSFSNavigate,behaviors\NFO\navigation\MSFSNavigate.lua,365,FALSE,FALSE,FALSE,FALSE,FALSE
cap_15min,Navigate,behaviors\NFO\navigation\Navigate.lua,475,FALSE,FALSE,FALSE,FALSE,FALSE
cap_30min,Navigate,behaviors\NFO\navigation\Navigate.lua,476,FALSE,FALSE,FALSE,FALSE,FALSE
cap_45min,Navigate,behaviors\NFO\navigation\Navigate.lua,477,FALSE,FALSE,FALSE,FALSE,FALSE
cap_60min,Navigate,behaviors\NFO\navigation\Navigate.lua,478,FALSE,FALSE,FALSE,FALSE,FALSE
proxy_cap_time,Navigate,behaviors\NFO\navigation\Navigate.lua,480,FALSE,FALSE,FALSE,FALSE,FALSE
context_action_short,PrepareDscg,behaviors\PrepareDscg.lua,47,FALSE,FALSE,FALSE,FALSE,FALSE
context_action_long,PrepareDscg,behaviors\PrepareDscg.lua,50,FALSE,FALSE,FALSE,FALSE,FALSE
context_action_double,PrepareDscg,behaviors\PrepareDscg.lua,53,FALSE,FALSE,FALSE,FALSE,FALSE
injured,ReportDamage,behaviors\ReportDamage.lua,51,FALSE,FALSE,FALSE,FALSE,FALSE
damaged,ReportDamage,behaviors\ReportDamage.lua,58,FALSE,FALSE,FALSE,FALSE,FALSE
repair,ReportDamage,behaviors\ReportDamage.lua,84,FALSE,FALSE,FALSE,FALSE,FALSE
pave_spike_lock_unlock_tgt_ahead,PaveSpike,other\PaveSpike.lua,248,FALSE,FALSE,FALSE,FALSE,FALSE
context_action_short,Profiling,other\Profiling.lua,56,FALSE,FALSE,FALSE,FALSE,FALSE
context_action_double,Profiling,other\Profiling.lua,63,FALSE,FALSE,FALSE,FALSE,FALSE
proxy_eject,StayinAlive,plans\StayinAlive.lua,157,FALSE,FALSE,FALSE,FALSE,FALSE
jester_reactivated,Radar,radar\Radar.lua,403,FALSE,FALSE,FALSE,FALSE,FALSE
radar_context_a2g_dive_toss,RadarUserActions,radar\UserActions.lua,318,FALSE,FALSE,FALSE,FALSE,FALSE
radar_context_a2g_dive_laydown,RadarUserActions,radar\UserActions.lua,323,FALSE,FALSE,FALSE,FALSE,FALSE
radar_context_a2a_short,RadarUserActions,radar\UserActions.lua,328,FALSE,FALSE,FALSE,FALSE,FALSE
radar_context_a2a_long,RadarUserActions,radar\UserActions.lua,332,FALSE,FALSE,FALSE,FALSE,FALSE
radar_context_a2a_double,RadarUserActions,radar\UserActions.lua,336,FALSE,FALSE,FALSE,FALSE,FALSE
radar_iff,RadarUserActions,radar\UserActions.lua,340,FALSE,TRUE,TRUE,TRUE,FALSE
radar_display_range,RadarUserActions,radar\UserActions.lua,357,FALSE,TRUE,FALSE,FALSE,FALSE
radar_auto_focus,RadarUserActions,radar\UserActions.lua,368,FALSE,TRUE,FALSE,FALSE,FALSE
radar_scan_zone,RadarUserActions,radar\UserActions.lua,375,FALSE,FALSE,FALSE,FALSE,FALSE
radar_focus_target,RadarUserActions,radar\UserActions.lua,387,FALSE,FALSE,FALSE,FALSE,FALSE
radar_lock_target,RadarUserActions,radar\UserActions.lua,392,FALSE,FALSE,FALSE,FALSE,FALSE
radar_enter_bst,RadarUserActions,radar\UserActions.lua,397,FALSE,TRUE,FALSE,FALSE,FALSE
radar_bst_aspect,RadarUserActions,radar\UserActions.lua,418,FALSE,TRUE,FALSE,FALSE,FALSE
radar_unlock_tgt,RadarUserActions,radar\UserActions.lua,430,FALSE,FALSE,FALSE,FALSE,FALSE
divert_homebase,CheckFuelDialog,tasks\fuel\CheckFuelDialog.lua,213,FALSE,FALSE,FALSE,FALSE,FALSE
divert_tanker_1,CheckFuelDialog,tasks\fuel\CheckFuelDialog.lua,228,FALSE,FALSE,FALSE,FALSE,FALSE
divert_tanker_2,CheckFuelDialog,tasks\fuel\CheckFuelDialog.lua,232,FALSE,FALSE,FALSE,FALSE,FALSE
divert_tanker_3,CheckFuelDialog,tasks\fuel\CheckFuelDialog.lua,236,FALSE,FALSE,FALSE,FALSE,FALSE
divert_tanker_4,CheckFuelDialog,tasks\fuel\CheckFuelDialog.lua,240,FALSE,FALSE,FALSE,FALSE,FALSE
divert_airfield_1,CheckFuelDialog,tasks\fuel\CheckFuelDialog.lua,244,FALSE,FALSE,FALSE,FALSE,FALSE
divert_airfield_2,CheckFuelDialog,tasks\fuel\CheckFuelDialog.lua,248,FALSE,FALSE,FALSE,FALSE,FALSE
divert_airfield_3,CheckFuelDialog,tasks\fuel\CheckFuelDialog.lua,252,FALSE,FALSE,FALSE,FALSE,FALSE
divert_airfield_4,CheckFuelDialog,tasks\fuel\CheckFuelDialog.lua,256,FALSE,FALSE,FALSE,FALSE,FALSE
msfs_fuel_check,CheckFuelDialog,tasks\fuel\CheckFuelDialog.lua,260,FALSE,FALSE,FALSE,FALSE,FALSE
dlg_below_50,MinimumAltitudePlan,tasks\navigation\MinimumAltitudePlan.lua,87,FALSE,FALSE,FALSE,FALSE,FALSE
dlg_below_100,MinimumAltitudePlan,tasks\navigation\MinimumAltitudePlan.lua,88,FALSE,FALSE,FALSE,FALSE,FALSE
dlg_below_150,MinimumAltitudePlan,tasks\navigation\MinimumAltitudePlan.lua,89,FALSE,FALSE,FALSE,FALSE,FALSE
dlg_below_200,MinimumAltitudePlan,tasks\navigation\MinimumAltitudePlan.lua,90,FALSE,FALSE,FALSE,FALSE,FALSE
say_roger,MinimumAltitudePlan,tasks\navigation\MinimumAltitudePlan.lua,91,FALSE,FALSE,FALSE,FALSE,FALSE
yes,SayReadyForInsAlignment,tasks\start\SayReadyForInsAlignment.lua,68,FALSE,FALSE,FALSE,FALSE,FALSE
yes_silent,SayReadyForInsAlignment,tasks\start\SayReadyForInsAlignment.lua,69,FALSE,FALSE,FALSE,FALSE,FALSE
no,SayReadyForInsAlignment,tasks\start\SayReadyForInsAlignment.lua,70,FALSE,FALSE,FALSE,FALSE,FALSE
let_you_know,SayReadyForInsAlignment,tasks\start\SayReadyForInsAlignment.lua,71,FALSE,FALSE,FALSE,FALSE,FALSE
expired,SayReadyForInsAlignment,tasks\start\SayReadyForInsAlignment.lua,72,FALSE,FALSE,FALSE,FALSE,FALSE
full_alignment,StartINS,tasks\start\StartINS.lua,97,FALSE,FALSE,FALSE,FALSE,FALSE
bath_alignment,StartINS,tasks\start\StartINS.lua,98,FALSE,FALSE,FALSE,FALSE,FALSE
stored_alignment,StartINS,tasks\start\StartINS.lua,99,FALSE,FALSE,FALSE,FALSE,FALSE
align_expired,StartINS,tasks\start\StartINS.lua,100,FALSE,FALSE,FALSE,FALSE,FALSE
pave_spike_laser_code,AirToGroundMenu,ui\AirToGroundMenu.lua,32,TRUE,TRUE,FALSE,FALSE,FALSE
pave_spike_laser_code_silent,AirToGroundMenu,ui\AirToGroundMenu.lua,65,TRUE,FALSE,FALSE,FALSE,FALSE
a2g_tv_feed,AirToGroundMenu,ui\AirToGroundMenu.lua,94,FALSE,TRUE,FALSE,FALSE,FALSE
pave_spike_op,AirToGroundMenu,ui\AirToGroundMenu.lua,99,FALSE,TRUE,FALSE,FALSE,FALSE
enter_bombing_solution,BombingCalculator,ui\BombingCalculator.lua,1,TRUE,TRUE,FALSE,FALSE,FALSE
enter_release_advance,BombingCalculator,ui\BombingCalculator.lua,59,FALSE,TRUE,FALSE,FALSE,FALSE
enter_wrcs_agm,BombingCalculator,ui\BombingCalculator.lua,75,FALSE,TRUE,FALSE,FALSE,FALSE
jester_set_wrcs_drag,BombingCalculator,ui\BombingCalculator.lua,88,TRUE,FALSE,FALSE,FALSE,FALSE
jester_set_wrcs_alt_range,BombingCalculator,ui\BombingCalculator.lua,98,TRUE,FALSE,FALSE,FALSE,FALSE
jester_set_wrcs_ew_dist,BombingCalculator,ui\BombingCalculator.lua,109,TRUE,FALSE,FALSE,FALSE,FALSE
jester_set_wrcs_ns_dist,BombingCalculator,ui\BombingCalculator.lua,120,TRUE,FALSE,FALSE,FALSE,FALSE
jester_set_wrcs_advance,BombingCalculator,ui\BombingCalculator.lua,130,TRUE,FALSE,FALSE,FALSE,FALSE
jester_set_wrcs_range,BombingCalculator,ui\BombingCalculator.lua,141,TRUE,FALSE,FALSE,FALSE,FALSE
crew_ejection,CrewMenu,ui\CrewMenu.lua,15,FALSE,TRUE,FALSE,FALSE,FALSE
crew_talking,CrewMenu,ui\CrewMenu.lua,21,TRUE,TRUE,FALSE,FALSE,FALSE
jester_voice,CrewMenu,ui\CrewMenu.lua,30,TRUE,FALSE,FALSE,FALSE,FALSE
jester_start_alignment,CrewMenu,ui\CrewMenu.lua,35,FALSE,TRUE,FALSE,FALSE,FALSE
crew_countermeasures,CrewMenu,ui\CrewMenu.lua,41,FALSE,TRUE,FALSE,FALSE,FALSE
nav_tgt,NavigationMenu,ui\NavigationMenu.lua,100,FALSE,TRUE,FALSE,FALSE,FALSE
nav_tacan_mode,NavigationMenu,ui\NavigationMenu.lua,105,FALSE,TRUE,FALSE,FALSE,FALSE
nav_tacan_chan_tens,NavigationMenu,ui\NavigationMenu.lua,113,FALSE,FALSE,FALSE,FALSE,FALSE
nav_tacan_chan_ones,NavigationMenu,ui\NavigationMenu.lua,142,FALSE,FALSE,FALSE,FALSE,FALSE
nav_tacan_chan,NavigationMenu,ui\NavigationMenu.lua,159,FALSE,TRUE,FALSE,FALSE,FALSE
nav_tacan_chan_band,NavigationMenu,ui\NavigationMenu.lua,168,FALSE,TRUE,FALSE,FALSE,FALSE
nav_tacan_chan_proxy,NavigationMenu,ui\NavigationMenu.lua,180,FALSE,FALSE,FALSE,FALSE,FALSE
nav_tacan_mode_proxy,NavigationMenu,ui\NavigationMenu.lua,187,FALSE,FALSE,FALSE,FALSE,FALSE
nav_tacan_tr,NavigationMenu,ui\NavigationMenu.lua,194,FALSE,TRUE,FALSE,FALSE,FALSE
nav_tacan_aa,NavigationMenu,ui\NavigationMenu.lua,203,FALSE,TRUE,FALSE,FALSE,FALSE
nav_enter_tgt_1_lat_long_text,NavigationMenu,ui\NavigationMenu.lua,212,FALSE,TRUE,FALSE,FALSE,FALSE
divert_tgt1_lat_lon,NavigationMenu,ui\NavigationMenu.lua,253,FALSE,FALSE,FALSE,FALSE,FALSE
proxy_divert_tgt1,NavigationMenu,ui\NavigationMenu.lua,257,FALSE,FALSE,FALSE,FALSE,FALSE
resume_next_wpt,NavigationMenu,ui\NavigationMenu.lua,261,FALSE,TRUE,TRUE,TRUE,FALSE
proxy_resume_flightplan,NavigationMenu,ui\NavigationMenu.lua,352,FALSE,TRUE,TRUE,TRUE,FALSE
resume_flightplan_1,NavigationMenu,ui\NavigationMenu.lua,429,FALSE,TRUE,TRUE,TRUE,FALSE
resume_flightplan_2,NavigationMenu,ui\NavigationMenu.lua,494,FALSE,TRUE,TRUE,TRUE,FALSE
resume_backup_flightplan,NavigationMenu,ui\NavigationMenu.lua,559,FALSE,FALSE,FALSE,FALSE,FALSE
hold_curr_wpt,NavigationMenu,ui\NavigationMenu.lua,609,FALSE,TRUE,FALSE,FALSE,FALSE
hold_flightplan_1,NavigationMenu,ui\NavigationMenu.lua,634,FALSE,TRUE,FALSE,FALSE,FALSE
hold_flightplan_2,NavigationMenu,ui\NavigationMenu.lua,646,FALSE,TRUE,FALSE,FALSE,FALSE
deactivate_hold_fp1,NavigationMenu,ui\NavigationMenu.lua,658,FALSE,TRUE,FALSE,FALSE,FALSE
deactivate_hold_fp2,NavigationMenu,ui\NavigationMenu.lua,665,FALSE,TRUE,FALSE,FALSE,FALSE
delete_wpt,NavigationMenu,ui\NavigationMenu.lua,672,FALSE,TRUE,FALSE,FALSE,FALSE
edit_wpt_lat_long_text,NavigationMenu,ui\NavigationMenu.lua,702,FALSE,TRUE,TRUE,TRUE,FALSE
edit_wpt_lat_long,NavigationMenu,ui\NavigationMenu.lua,757,FALSE,TRUE,TRUE,TRUE,FALSE
edit_wpt_fltpln,NavigationMenu,ui\NavigationMenu.lua,790,FALSE,TRUE,TRUE,TRUE,FALSE
add_wpt_after_lat_long_text,NavigationMenu,ui\NavigationMenu.lua,823,FALSE,TRUE,FALSE,FALSE,FALSE
add_wpt_after_lat_long,NavigationMenu,ui\NavigationMenu.lua,872,FALSE,TRUE,FALSE,FALSE,FALSE
add_wpt_after_proxy,NavigationMenu,ui\NavigationMenu.lua,895,FALSE,FALSE,FALSE,FALSE,FALSE
add_wpt_after_fltpln,NavigationMenu,ui\NavigationMenu.lua,915,FALSE,TRUE,FALSE,FALSE,FALSE
add_wpt_before_lat_long_text,NavigationMenu,ui\NavigationMenu.lua,934,FALSE,TRUE,FALSE,FALSE,FALSE
add_wpt_before_lat_long,NavigationMenu,ui\NavigationMenu.lua,984,FALSE,TRUE,FALSE,FALSE,FALSE
add_wpt_before_fltpln,NavigationMenu,ui\NavigationMenu.lua,1006,FALSE,TRUE,FALSE,FALSE,FALSE
designate_wpt,NavigationMenu,ui\NavigationMenu.lua,1025,FALSE,TRUE,FALSE,FALSE,FALSE
msfsnav_holding,NavigationMenu,ui\NavigationMenu.lua,1060,FALSE,TRUE,FALSE,FALSE,FALSE
msfsnav_resume,NavigationMenu,ui\NavigationMenu.lua,1073,FALSE,TRUE,FALSE,FALSE,FALSE
msfsnav_navfix,NavigationMenu,ui\NavigationMenu.lua,1086,FALSE,TRUE,FALSE,FALSE,FALSE
proxy_designate_wpt,NavigationMenu,ui\NavigationMenu.lua,1099,FALSE,FALSE,FALSE,FALSE,FALSE
jester_realign_quick,NavigationMenu,ui\NavigationMenu.lua,1132,FALSE,TRUE,FALSE,FALSE,FALSE
radar_op,RadarMenu,ui\RadarMenu.lua,11,FALSE,TRUE,FALSE,FALSE,FALSE
systems_chaff,SystemsMenu,ui\SystemsMenu.lua,30,FALSE,TRUE,FALSE,FALSE,FALSE
systems_flare,SystemsMenu,ui\SystemsMenu.lua,34,FALSE,TRUE,FALSE,FALSE,FALSE
systems_jammer,SystemsMenu,ui\SystemsMenu.lua,38,FALSE,TRUE,FALSE,FALSE,FALSE
systems_avtr_recorder,SystemsMenu,ui\SystemsMenu.lua,44,FALSE,TRUE,FALSE,FALSE,FALSE
systems_flares_jettison,SystemsMenu,ui\SystemsMenu.lua,48,FALSE,TRUE,FALSE,FALSE,FALSE
systems_countermeasures_quantity,SystemsMenu,ui\SystemsMenu.lua,53,FALSE,FALSE,FALSE,FALSE,FALSE
radio_mode,UhfRadioMenu,ui\UhfRadioMenu.lua,163,FALSE,TRUE,FALSE,FALSE,FALSE
radio_manual_freq_text,UhfRadioMenu,ui\UhfRadioMenu.lua,168,FALSE,TRUE,FALSE,FALSE,FALSE
radio_comm_chan,UhfRadioMenu,ui\UhfRadioMenu.lua,190,FALSE,TRUE,FALSE,FALSE,FALSE
radio_aux_chan,UhfRadioMenu,ui\UhfRadioMenu.lua,197,FALSE,TRUE,FALSE,FALSE,FALSE
radio_tune_atc,UhfRadioMenu,ui\UhfRadioMenu.lua,202,FALSE,FALSE,FALSE,FALSE,FALSE
msfs_radio_tune_atc,UhfRadioMenu,ui\UhfRadioMenu.lua,206,FALSE,FALSE,FALSE,FALSE,FALSE
